{
  "new_rmse": 1.5950376455479411,
  "baseline_rmse": 5.786343476957908,
  "new_mape": 1.2937776453751486,
  "baseline_mape": 5.408601651576605
}